speaker;painting;Уровень_ОЭИ;description
Алёна Л;Кандинский;Средний;"Тяжело. Я не знаю, как описать общую композицию. Я не особо, в ней что-то вижу. Скорее, может, какие-то холмы. Вот. Какие-то тут треугольники, меня очень смущают, какие-то фигуры, какие-то холмы. В общем, какой-то такой немножечко природный, около городской пейзаж, как деревня, поселок. Но тут я больше опишу, наверное, не по тому, что происходит, а по тому, как ощущается. В общем, почему я сначала подумала про радость? Потому что ну вот всё такое яркое, красочное, вот, такие жёлтые, зелёные, прикольненько, вот. Но если вот в эту часть посмотреть, она намного темнее, чем остальные части, и она такая. На фоне. И меня это.. сильно смущает, её присутствие здесь. Меня очень смущает то, что ну здесь вот всё плавненько, всё растушёвано, красивенько. И здесь какие-то резкие тёмные линии, даже... Не знаю, можно ли это штрихом назвать, я не очень сильно в искусстве разбираюсь. Вот, и они как будто бы резонируют с вот этим вот общим пейзажем. И, наверное, поэтому это вызвало удивление какое-то. Не знаю... Ну вот это вот выглядит как холм, а вот это вот выглядит как небо, а вот это вот какие-то там, не знаю, домики, может, какой-то частокол, ну тогда почему здесь палки? Я думаю, тут нет... Чёт-чёт. Ну хотя, может, и есть вот эта вот башня, не знаю, или гора. Вот это... Ну они, конечно, треугольники, но это что-то человекоподобное ощущается. Что-то едет или идёт. Вот. Нет. Не знаю, есть какой-то...Вот эти тёмные цвета на фоне меня смущают. Как будто бы это какое-то такое немножечко нагнетение, как будто, знаешь, вот такое вот чувство, как когда... Вот ты знаешь... Точнее, ты не знаешь, что будет дождь, но ты чувствуешь, что воздух такой очень сильно густой, и влажность сразу выше, у тебя начинает немножечко вот так вот болеть голова, потому что ты припец такой метеочувствительный, и ты чувствуешь, что ну вот-вот-вот, вот-вот, или ливанёт. И вот такое же чувство примерно от этой картины. Вот, как будто бы что-то такое сзади подбирается. Ну, сходу нет, я думаю. Да. Просто что-то такое. Затишье перед бурей. Немножечко. Но бурю уже видно. Ну если изначально отталкиваться от того, как я это трактовала, что вот там вот где-то деревушка, вот тут вот какие-то, не знаю, мирные жители, вот этот вот холл, то, ну, просто как будто бы какой-то... Я не уверена, что это можно вообще типа пытаться в какие-то конкретные образы заключить, потому что я не уверена, что тут автор отражает. Вот. Ну не знаю, как будто бы какой-то такой... Типа не что-то сильно страшное надвигается, но такой непогожий, неприятный день. 
 Ну вот сейчас, да, сейчас мнение поменялось. Ну, я бы сказала, тревогу... Ну, даже не то, чтобы тревога, а вот именно плохое предчувствие. Мне кажется, это немножечко разные вещи. Вот, потому что тревога, она всё-таки хоть какие-то мысли вызывает, а предчувствие, оно просто есть, и ты такой... А чё произойдет. Вот. Какое-то вот предчувствие чего-то нехорошего. Как это вот в эти эмоции? Не знаю. Наверное... Ну, это как бы предчувствие плохого, это скорее ближе к страху. Но страх слишком простая и понятная, и такая довольно яркая эмоция, относительно предчувствия. Вот. Может, наоборот? Может, тут всё наоборот назад уходит, вот эта вот светлая часть, а всё плохое уже позади, но у меня почему-то не такие эмоции. Вот. И вот это вот меня, наверное, больше всего смущает, даже больше, чем темные цвета, это вот эти вот резкие палки, которые вообще не вписываются в вот это вот обилие пятен, по форме. они, вот, что-то такое, тревожное вызывают."
Кречка;Кандинский;Средний;"Ну радость. У меня всегда хорошие эмоции, мне нравятся такие картины. 
 Ну я почему-то, когда-то отворачивала, вот здесь увидела кузнечика. Ну сейчас ты повернула и его нет. Эллюминатор. Ну вот тут треугольник и тут такая круглая какая-то вещь. Глаза. Как в этом.. Гравити Фолс. Ну и наверное это какая-то гора. Я не знаю. Это вот гора, это небо оттенки типа может там был закат. Ну я не понимаю. Для меня просто, если это гора, то по вот этим вот 2-3 треугольника, а один из них. Ну два. Они поднимаются в эту гору. Вот вот у них вот эти вот ножки, если такую ассоциацию делать. Тут еще есть круглая какая-то штука, солнце какое-то. Если убрать вот все эти оттенки светлые, в принципе можно сказать, что это обычный какой-то детский рисунок. Да тут поднимается еще и круглое солнце. Ну правильно солнце, не вот это вот, которое мы рисовали. Но я не понимаю что посередине. Вот эти вот царапины. Ну что это? Какие-то? Вот это я не понимаю, что, если это гора. Царапина. Может, молния какая-то. Ну то есть да, это какая-то природа и... Но царапины не понимаю почему. Какие-то такие. Ну может это... Гроза, молния или дождь падает в одну такую вот штуку, Но вряд ли,это гроза. Наверное. 
 Ну мне сначала, наверное, ничего непонятно. Сначало как-то рассматриваешь детали, а сейчас, когда я подумала, что это природа, — спокойствие. Мне всегда спокойно от природы. Потому что... Ну я не знаю почему. Потому что тишина. Особенно такая. Спокойствие сейчас. 
 Нравится, Ну мне всегда и нравилось типа такое искусство. Я не помню как оно называется, я плохо в таком разбираюсь. Но вот когда много чего накалякали цветов. Ну то есть она нескучная и в ней реально можно что-то разглядеть, что угодно. Ну то есть, если еще присмотреться на гору, то там какая-то... Сначала подумала, что волна. Теперь не знаю, что это. Это вряд ли гора. Ну то есть ты смотришь и ищешь просто какие-то ассоциации, развиваешь как-то свое представление. Что-то такое. Мне нравится такое. 
 Мне кажется это рисовали птичками. Ну то есть из-за того что царапины тут еще есть такие вот так вот налеплены какие-то штучки. Ну был контур кисточками, вот так вот еще что-то делали. Не знаю что. Мне кажется он добавил вот это вот посередине вот эти царапины. Может она ему не понравилась. Может, он её нарисовал, она ему не понравилась и он такой ай херня, а потом класс."
Даниил;Кандинский;Средний;"Похоже на природу. Как будто паука кого-то вижу, птичку. Как будто на ветке это либо на холме сидят животные. Ну, может быть. Первое что пришло. Ну это кажется как с облаками, когда они проплывают. Смотришь, угадываешь что-нибудь, что видишь. Так ну настроение такое приподнятое из-за ярких тонов картины. Но ассоциация сразу идет с природой почему-то у меня. Изображение природы. Ну да забавная. позитивом веет немного. Наверное нет. Ну тут все слишком непонятно.
 Если я там окажусь, неизвестно, что там будет. Ну здесь слишком все гипертрофировано просто. Очень много оттенков. Ну вот красиво выглядит синий цвет, разные вариации, хорошо обыгрываются. Так просто, любопытная, интересная картина. Интересна своей необычностью. Надо вглядываться, чтобы что-то свое увидеть, как все люди так делают в такие моменты, наверное. Мне кажется она сделана так, чтобы каждый видел в ней что-то свое, ассоциациями. Ассоциативная картина.
 Ну вот по центру как будто бы паук стоит. А сбоку от него птичка. Ну это так, образ. И стоят они у какой-то палки, которая стои(т).. просто лежит на земле. И сверху краски разные. Цветовая гамма там как будто небо, ну потому что там многообразие всего. Ну первое, что голову приходит. 
  Ну вначале я удивился просто, когда первый раз посмотрел, потому что неожиданно было увидеть такую картину. А сейчас ну уже чувство чувствую такое.. Ну не то что нет эмоций, просто разглядел получше. Ну мне она не импонирует и никак не.. в негативном смысле не влияет на меня."
Варя;Кандинский;Средний;"Мне кажется, что это... Это как будто бы какая-то дорога. Это дорога куда-то в далекое пространство, которого, скорее всего, даже нет в этом мире. Ощущение, как будто здесь какая-то возвышенность. Здесь проходят вот эти вот тонкие-тонкие деревья и леса. И... Как будто бы это берег какой-то. И там вдалеке находится солнце. Такой. Ну, если смотреть через инверсию, то это солнце. Ага.
 Ощущение, как будто бы... Я бы сказала, такое... Чувство какого-то ожидания. Ожидания чего-то. Как будто ты смотришь туда и... Думаешь, что там может произойти, почему оно так? Почему оно идет именно таким образом? Именно не в плане, как нарисовано, а именно просто, в принципе, ощущение от этой дороги, что как будто бы она идет в никуда. Или у нее есть какой-то конечный путь. Что это? Как... Как именно оно в конце завершится? 
 Ну... Если это действительно то, что я себе представляю, то, наверное, да. Хотя, не факт, но примерно можно... Если это то, что я себе представляю, а я себе представляю пляжик, горку, дорожку, то это да, вполне себе можно. 
 Есть еще некоторые... Некоторое чувство какой-то неопределенности, потому что... Очень большое обилие именно таких темных, резких цветов, которые очень-очень сильно контрастируют с яркими, такими светлыми, светлыми... Светло-голубой, светло-зеленый, лазурный цвет, желтый. И вот именно эти темные пятна, которые находятся посередине картины, как будто дают ощущение вот именно... Вот именно... Я даже не могу сказать, некоторой тревожности, что ли, потому что очень резко... Фу! Резкие акценты на этой картине. Именно вот этих вот цветов. То есть первое, что вижу, это вот именно это темное пятно, которое находится слева и вдалеке, справа. Вот это тоже другое темное пятно. Они очень сильно привлекают внимание. Поэтому, отвечая на твой предыдущий вопрос, мне кажется, все-таки, наверное, не хотела бы оказаться, потому что эти темные пятна начинают меня немного настораживать. 
 М-м-м... Интересны вот эти вот треугольники, которые около центра, но ближе все-таки к правой стороне. Или это не треугольник, но, думаю, все-таки треугольник. Такой с розовым кружком... С розовым пятном даже, наверное, посередине. Они... Они выглядят очень интересно. Я даже близко не могу представить, что это может быть. Вообще, в принципе, интересно такое."
Игорь;Кандинский;Средний;"Это буйство красок. Я такое люблю. Тут надо очень хорошо подумать над тем, что именно я здесь вижу.
 Вот то ли гора, то ли нос, то ли вообще сосок женской груди. Вот что-то среднее между этими тремя. Понимаешь? Сложно сказать. Но вот судя по палочкам по центру, наверное, это должны быть деревья, поэтому, соответственно, части тела отпадают. Но тут действительно вот такое пятно, как будто бы вот грудь. И за ним вот идет вот так, ну, типа, плечо и рука вниз. Вот что за треугольники здесь? Наверное, это типа дома должны быть. Слушай, ну вот это действительно тут выглядит как смешение... женского тела и вот чего-то такого природного. И цвета безумно красиво подобраны. Вот тут такая синева, дальше справа персик, не персик, вот какие-то желтые оттенки, лимонные какие-то. Все так красиво переходит друг в друга. Мне вот это прям... У меня почему-то ассоциации с Испанией еще есть, не знаю. Хотя на Дали вообще не похоже. Он же Испанец? Да. Ну, музей его точно в Испании, а вот кто он, я уже точно не помню. По-моему, он испанец тоже был, Сальвадор. Но вот именно цвета, вот буйство красок, вот как будто бы что-то испанское такое.
 Ну, а что мы подразумеваем под сюжетом картины? Ну, вот сюжет это типа Аленушка, как я сам чувству?. Но вот для меня сюжетные картины это вот какие-то такие... Ну, вот по типу, да, по типу того, что Васнецов писал. Что там? Вот там сцена из сказки. Здесь нет сцены и сказки. Это вот... Ну, вот если именно только мое мнение, мое видение воспринимает, что вот это, да, это как будто бы здесь... Это должна быть... Я разглядел лошадь! Ну, да, вот это как будто должна быть аллюзия и сравнение женщины и природы. Ну, да, на самом деле, если так подумать над ракурсами, что вот, да, тут еще часть, которая, ну, видимо, должна быть какой-то поляной на фоне, то это как будто может быть типа нога, бедро, например, вдалике. Но при этом вот по ней вот какая-то лошадка ходит, деревья растут, домики стоят. Ну, мать природы, короче. 
 Только положительные. Ну, я не могу сказать, что вот прям... Боже, какая радость от этой картины! Я, в принципе, наверное, у меня в основном все эмоции приглушенные, но вот что-то хорошее, вот это вот чувство, что-то такое вот приятное, что хочется смотреть. И смотреть, и смотреть, и изучать. Ну, вот... Тело женщины, природа. Вот откуда-то... Вот у меня цветовая гамма почему-то вот с Испанией ассоциируется очень мощно. Лето. Это очень летняя картина. Тут как бы все... Все цвета, они как будто бы вот есть в летнем небе. То есть слева у нас тут такое, как бы ночь в августе условно, примерно, наверное. Справа вот... Вот такие закаты июльские. Причем закаты не обязательно Испанские. Очень похоже на закат вот в Самаре, когда идешь на пляж, на набережную, и закат смотришь, вот там такое же персиковое красивое небо с желтизной. Короче, да, вот это прям... Буйство летних красок на этой картине."
Мария Сергеева;Кандинский;Средний;"Опа… Ну что-то прикольное. Такое люблю, да. Как мы такое любим..Что вижу? Это импрессионисты. Или это сюрреалисты? Блин. Ну импрессионисты чуть по-другому. Вот мне импрессионисты нравятся. У них вот не доходят до вот этого... Ну, как... Как безумия красок. Ну это, видимо, поле. Такое вот. Вон там, даже вдалеке какое-то видимо... Что это мельница или домик такой... С треугольной крышей. Палки, это, видимо, деревья. Вот, что-то такое. Здесь, видимо, идут люди, поэтому. полю, мимо этого поля... Работают. Может быть это крестьяне. Не знаю. Когда это написано? Когда сделали цветные краски? Ну, она такая, знаешь, прям… Приятная. То есть ты видишь яркие краски. Такие прум пум пум. И у тебя взгляд пытается за что-то зацепиться. А центральной композиции никакой нет. То есть тебе некуда смотреть. У тебя, в принципе, всё огромное полотно. И какое-то действие происходит в другой его половине. Но при этом вторая половина тоже чем-то интересной. С этими мазками прикольными. Поэтому... Ну... Ты не считываешь отсюда особо. Сложно, когда нет людей. Чьи эмоции нужно угадать?
 Ну, я чувствую какую-то растерянность. Я не знаю, куда мне смотреть. То есть у меня взгляд куда-то скачет. И нет такого, чтобы я посмотрела сначала в центр, а потом изучала окрестности. Я смотрю в центр, пытаюсь понять, что в центре я изучаю окрестности. И всё равно не понимаю. Потому что всё вот так переплетается. И... На таких картинах я обычно не задерживаю своё внимание в галереях. То есть ты видишь, а... Пойду посмотрю, висит натюрморт там. Пейзажик. Вот пейзажи хорошо считаются. Это может быть и пейзаж, но он считывается тяжело. Не моё это.
 Скорее да, чем нет.
 Я бы сошла с ума в этом мире. Но думаю, что... Наверное, нет. Там слишком ярко. Я не люблю такое. Я лучше бы в комнату к предыдущему попаду. Там хотя бы такой синий оттенок. Подвал вот этот. Поэтому, наверное, нет.
 Не знаю. Очень странно нарисован холм. Я как будто бы пытаюсь тут что-то разгадать. Возможно, здесь два холма. Это такой хребет. Но я не... Чем дальше я рассматриваю эту картину, тем меньше я понимаю, что происходит. И тем меньше я могу строить какие-то предположения. Как-то так.
 Тревога, наверное. Как будто, знаешь, ты всё-таки... Ты теряешься. Ты теряешься, теряешься, теряешься. Ты смотришь, ты снова... Всё, страшнее, страшнее. Куда ты теряешься?"
Ксюша;Кандинский;Средний;"Так, ну, я вижу много цветов. Ну, в плане... цветов, а не в плане растений. Ну, наверное, хочется попытаться всё-таки что-то увидеть конкретное, но на первый взгляд, мне кажется, я вижу дорогу, и холм слева, получается, с моего лева. И какие-то... Ну, я сомневаюсь, конечно, это подразумевалось, но у меня ассоциация, что вот эти вот, типа, палки, которые вверх торчат, что это в общем, столбы, которые провода тянутся, типа столбы связи. И там вот вдалеке как будто какое-то здание, типа, как... Не знаю, почему, мне кажется, что это мельница. Ну в общем, ладно. И какие-то ещё... Какие-то вот объекты справа, но я не знаю, честно, что, что они мне напоминают. Ну, как какие-то... Вот это, это, наверное, ещё от первой не отошла просто, мне кажется, что это вот эти вот... Вигвамы типа, треугольнички. Но ещё почему-то… Тут всё цветное, наверное, поэтому, кажется, что это... Что это всё луга, что-то, типа, цветов много, цветов, растений на холме. Вот. 
 Добрый вайб. Ну, потому что светлых много цветов. Ну там как будто... Ну, в общем, да, такая радостная, лёгкая... Такая... 
 Ну, мне кажется, забавно, что тут на картине, типа, передний план он таких более типа в светлых, легких оттенках. а вот там сзади как будто типа будто облаков много, потому что там тёмная клякса. Ну, как будто, короче, скоро начнется дождь. 
 Вот эта да. Ну она как будто яркая, больше ассоций с чем-то радостным. Так что да... Ну, ещё можно прям посидеть порефлексировать, что здесь нарисовано, не знаю, просто... Ввроде говорят, что не надо искать типа, но поразглядывать очень классно, потому что много разных цветов клякс."
Арина Б;Кандинский;Средний;"Что-то абстрактное. Ну, знаешь, похоже на каких-то огромных насекомых. Ходящих по какому-то холму. Типа вот это вот огромное такое. И у него, видишь, вот ножки всякие. Вот тут домик, возможно, стоит. Или улитка ползет. Или лошадь вообще. Кстати, на лошадь тоже похоже. Это тоже какие-то насекомые. У него вообще треугольник какой-то странный. Но... Мне нравится эта картина. Вот. Такие светлые оттенки, такое разнообразие. Мне нравятся в целом эти цвета. И все очень как-то так гармонично смотрится.
 Мне такое сложно, дается. Мне кажется. Хотя... Я даже не знаю... 
 Насекомые передвигаются по полю. На коленку похоже. Ну, я пока что не знаю, что с сюжетом делать.
 Ммм... Мне больше нравится смотреть на такое. Чтобы именно оказаться. В целом, почему нет? Но с другой стороны, там все настолько ярко. Настолько, типа, разнообразно. Что это все очень, возможно, нагружало бы немножко мой мозг, мое ощущение. Вот. Но смотреть на такое... Мне очень нравится. Просто вот. На картину.
 Потому что нравятся эти оттенки. Нравится, как тут все выстроено. Правда, вот эти вот линии, они такие довольно грубые. И непонятно, зачем они, типа, здесь. Но в целом... Они добавляют как раз-таки фактурности к картине. То есть не все такое плавное. А еще какие-то линии есть, которые... Смысл которых я не понимаю.
 Ммм... Немножко есть. Но это чисто такая моя личная. Потому что я хотела картину по номерам заказать. Примерно в таких же оттенках. Ааа... И вот как раз-таки ассоциации с этой картиной по номерам. Ну... Не знаю. Ну вот лошадка. Возможно... Возможно... С песенкой... Ааа... Облака белогривые лошадки. Как-то так. Но насекомые очень странные. 
 Ну, я еще заметила. Не знаю, типа... Что здесь, например, такое все светлое, плавненько, нежное. И... Ну, справа снизу. И постепенно к левому верху переходит в более бурное разнообразие оттенков и более темное. Вот. Ну, типа, это просто как замечание какое-то и все. Вот этот переход... Возможно, сказывается. Вот... Тут... Смотря сюда, я чувствую какое-то спокойствие. Ассоциируется с чем-то светлым. С чем-то приятным, возможно. Когда я перехожу сюда, здесь уже какой-то хаос. Я такая, боже, не надо. Ну вот, итог. Положительные. От всей картины, если."
Миша;Кандинский;Средний;"Тут уже более абстрактный. Мне напоминает пейзаж, холмы какие-то, редкие деревья. Рядом, скорее всего, осень, потому что такие яркие цвета. Разноцветные. Какие-то.. Кажется, это какие-то два человека, наверное, на взгорье. Возможно, мать с ребенком. Что-то такое. Разноплановость роста. Ну в небе что-то необычное летает, какие-то смеси ярких цветов, которые особо не свойственны этому миру. Ну может быть, это какой-то закат условно. Как раз много ярких красок и непривычных проливает на мир. Я написал удивление, потому что как будто тут какая-то внизу более спокойная картина, а сверху тут проливается какое-то красное тут, синее. Возможно, это деревья как будто прогибаются под ветром. Ну идут два человека, на это смотрят, удивляются. Наверное, я останусь при своем. Настроение? Какое-то такое, оптимистичное, вот как я говорил. Предвкушение, возможно, я себя проецирую, ничего страшного. Впереди что-то там веселое, яркое, а тут как бы вот это только начинается. Какие-то яркие краски проливаются на мир. Предвкушение. оптимизм чувствуется. Не то, чтобы какие-то вот эти вот темные пятна – ну тут явно видно: человек не жалел красок. 
 сильнее всего повлиял стиль. Яркие эмоции — абстракция. Просто смотришь на картину и чувствуешь — тут расслабление деталей, тут в целом радостно, ну как раз. Тут вот деталей поменьше – спокойно. ты такой вот тут темнее. холм в тени как будто бы. Так что ну да, скажу, стиль картины влияет.
 Конечно. Если так переносить в реальный мир и построить пейзаж, я там не так часто бываю. А в таком, можно сказать, накуренном мире, если мы зацензурим, тоже хотелось бы, к сожале.. Ну в смысле цветов не хватает. Умиротворенно. Ровненько. Ну уже стадия сильных эмоций прошла, просто рассматриваешь мазки, видно, в каком порядке эти краски наносились.Мне кажется, что на фоне конь в плаще."
Полина;Кандинский;Средний;"Я вижу... Мне нравятся цвета. Сочетания. Короче, я вижу вот эти вот палочки. И они мне почему-то ассоциируются с какими-то иголками. И вот они вызывают у меня неудовлетворение. Мне хочется их убрать. И тогда мне будет больше нравится эта картина. Вот. А почему-то... Вот эти вот два чубрика кажутся какими-то существами. Вот. А это на лошадку похоже. Вот. Мне нравятся опять же цвета. Я в детстве пыталась тоже что-то похожее повторить. Но мне не нравятся эти палочки. Вот. Они у меня с какими-то вот этими... Натыканными иголками ассоциируются. Вот.
 Ну, у меня как будто бы самое первое, что приходит на ум, что это как бы природа. Ну, вот это вот как будто бы всякие холмики. Вот. Это лошадка. Это какие-то существа непонятные. Но мы же, может быть, и вообще не про землю говорим. А может, на земле тоже такое есть, да? Вот. А вот эти вот палочки, я не знаю, какие-то натыканные бревна, палочки, в землю зачем-то. Вот они, может быть, что-то делают непонятное. Пока что не понимаю, что. Сейчас еще пытаюсь понять все вот для себя, что вот это вот такое. Хм., не знаю. Что-то на палочках пока что будет. Пусть так. Вот.
 Ну, вот как будто бы вот эти челики собираются что-то как будто бы проводить, или они уже провели. Ну, вот как будто бы эти палочки, это либо их рук дело, либо их как бы общности. Вот. Мне так кажется. О, а может быть, может быть, это что-то типа огонь какой-нибудь? Не знаю. Это такое чувство, будто вот этот вот челик стоит вот так вот немножко. Ну, по крайней мере, вот это вот. А этот просто вот так вот. Все. Такие вот у меня мысли по поводу этой картины. Эммм... Суетливое какое-то. Ну, вот для меня самое подходящее слово какое-то суетливое. 
 Ну, вот как будто бы вот они суеты наводят. Что-то вот как будто делают. Вот что-то они хотят вот или хотят, или уже делают. Вот. Какие-то непонятные штуки. Хотя эта лошадка у меня такая, ну, с ней ассоциация как будто она просто вот... Как это слово-то? Был же вот этот вот прикол с челиком, который стоит, вот этот вот, руки в кармане. Как, какое слово там? Во-во. Вот как будто бы просто вот стоит чиллит, как это сказать, наблюдает так со стороны, потом дальше куда-нибудь пойдет. И ей ничего не сделают. Они мне не кажутся плохими, они нормальные. Вот. Какая-то там суета как будто бы происходит. Вот. Ну, как будто в целом ничего плохого. Но вот эти все-таки палочки мне не нравятся. Вот. Это лишнее. Ну, не лишнее, в смысле. Для моих ощущений, вот. 
 Ммм... Ну, чисто ради интереса, если предположить, что я могу сделать вот так, оказаться в картине, сделать вот так, оказаться обратно дома. Почему бы и нет? Потому что они не кажутся мне плохими. Вот. Я бы, может быть... Ну, нет, ладно, это слишком самовольно. Я бы хотела сказать, я бы вот эти вот палочки выбрала, там, такая думаю, что нет, это слишком самовольно. Вот. Мне бы хотелось потрогать траву. Мне в общем кажется, что это что-то мягкая. Вот. Как будто бы так. На второй взгляд. На первый взгляд сначала мне не совсем так казалось. Просто у меня не было такого чувства. Просто у меня вызвали дискомфорт вот эти палочки. И удивление. Потому что я немножко ожидала чего-нибудь сейчас, чего-нибудь на картине, не знаю. Вот.
 Ну, вот эта деталька привлекает ещё почему-то моё внимание. Как будто какой-то... Как будто какая-то дыра или очень тёмное мини-озеро, я не знаю. Но почему-то тоже привлекает моё внимание, не могу объяснить, чё это. Вот. Но как будто бы мне не сильно нравится. Вот. И небо красивое как будто бы. Вот. Это если говорить о том, что ещё моё внимание привлекло. А так в целом вот эти палочки, лошадка, вот эти челики. Вот. 
 Суета. Какой у этой картины характер. Но он не кажется мне злым, не кажется мне плохим. Из-за этой лошадки даже кажется добрым немного. Я не знаю, почему-то эта лошадка у меня прямо в чём-то таким ассоциируется. Чилловом и добреньким. Вот. А эти челики ассоциируются с какими-то вот такими вот суетливыми. Да. И почему-то я не знаю, смешными. Я, конечно, не чувствую прям полной безопасности от них. Не безопасности, а отсутствия полностью прям отсутствия опасности. Но они кажутся как будто бы такими безобидными. Ближе к безобидным. Вот. Особенно вот этот вот. Он как будто просто стоит такой немножко удивлённый. Ну такой. Сейчас. Ммм. Ммм. Полудобрый суетливый странный вайб. Вот.
 Ну, я бы сказала — опять же интерес. Мне интересно, чем они занимаются. Мне почему-то чуть-чуть, возможно, смешно капельку. Прям вот это, если у себя в голове развивать — вот что-то про этих челиков. Лошадка мне нравится. 
 Хотела бы посмотреть на неё без этих палочек. Но без этих палочек как будто бы не было бы вот этого вайба суеты и каких-то странных занятий. Я бы не придумала прям вот это занятие. Что они какой-то странный обряд проводят. Но, возможно, на первый взгляд, если бы я не видела эти палочки, мне было бы приятнее от этой картины — не знаю. Или... или как-то по-другому бы эти палочки нарисовали... Или не палочки... Не нравятся мне эти палочки! Вот."
Катя Ш.;Кандинский;Средний;"Мне кажется, это лес. Боже мой! Я на самом деле не люблю этот стиль. Забыла, как он называется.. футуризм? Ну мне нравятся очень яркие цвета, преобладание синего и желтого с красным. Я не знаю, что изображено посередине, но мне кажется, это лес плюс эти фигурки треугольные эти типа люди. Наверное. Я правда не понимаю, что изображено посередине. В целом, мне кажется, это лес, холмики, какая-то дорога между ними. Небо? Вот да, мне кажется, это что-о такое. 
 Сюжет есть, но я его не понимаю. Вообще не понимаю такое типа искусство. Ну в смысле за что хвататься, потому что всё так расплывчато. 
 Непонимание. Вот чисто визуально мне это нравится, но, скорее, вот то, что я не могу это понять, мне это не нравится и как бы не хочется в это дальше вглядываться.
 Спокойствие. Но это такая супер личная реакция. Мне просто очень нравятся вот эти холмики как будто бы и небо. Оно мне что-то напоминает. У нас в городе недалеко от моей дачи были как раз таки эти холмики, которые были разъединены дорогой и вот наверху, то, что изображено, оно как раз на той горе. Там построен парк, до этого там была какая-то станция и она на неё похожа формой. Да.
 Деталь. Ну вот эти треугольнички. Я не знаю, что это такое. Мне кажется, люди, нет? Мне вот посередине.. Я правда не понимаю, что это, У меня ноль идей, что это может быть.А люди угадывали? Я правда без понятия вообще.
 Ну вот это вот солнце, вот это вот домик, вот это похоже на дирижабль, но это не дирижабль. Я сказала, что это люди, потому что у них что-то типа конечностей. Ну и всё. 
 Блин, может, это вообще не холмики, погоди. Ой. Ну да,если это холмики, о зачем тут темное пространство, а тут светлое... что это вообще? Вот мне просто казалось, что вот это холм раз, это холм два. Это дорога. И вот эта как будто бы штука вылезла, оттуда получается. Теперь мне кажется, что это типа жопа, ноги. Это, не знаю, проникновение ВИЧ-вируса. Что это? Ну вот мне кажется, вот это типа деревья, так что остановимся, что это холмики какие-то.
 Блин, на самом деле грустное, несмотря на яркие цвета. Вот это вот вначале тусклые цвета, потом более интенсивные. Вот то, что тут очень мало деталей и как будто бы очень пусто, вот это грустно, да. Это как будто бы, знаешь, лес зимой, вот такое ощущение. Ну где снег сошел, и вот тебе наступил весна, и еще ничего не растет, вот такое в"
Катя;Кандинский;Средний;"Ну, я не знаю, это что-то абстрактное, но выглядит как какая-то долина. Что гор, силуэт, тропа и, ну, что-то идёт. Вот. А это, наверное, имитация деревьев. Не очень разбираюсь в таком стиле. Но в целом, наверное, эта картина... Вспоминая картины, которые были до этого, она вызывает радость за счёт того, что здесь больше всего ярких цветов, и просто, что она яркая. И за счёт этого вызывает какие-то позитивные эмоции. Ну, какая-то... Ммм... Не знаю, как это обозвать. В каком-то смысле, бесяка. Что просто безумие. И в этом безумии хочется... Ну, есть настроение творить и делать всё, что вздумается. И что это, ну, абсолютно никак не наказуемо. В итоге ты получаешь какой-то приятный для себя результат. Что-то смешное. Что бы ты мог... Ну, воплотить всё, что придумала просто в моменте. Честно, мне кажется, нет. Потому что... Ну, я думаю, это всё из-за того, что я не особо увлекаюсь каким-то абстракционизмом, но я не вижу здесь никакого смысла, просто пятна. Возможно, художник вкладывал это что-то, но... Мне кажется, мне очень нравится прорисованность. Я вижу, что это как будто бы небо для себя, и мне нравится для себя, что в этом небе много разных цветных пятен. Мне это нравится. И вот... Штрихи тоже привлекают. Что здесь всё вроде бы мазки и пятна, но здесь чётко видны линии все такие маленькие. Ну, я думаю, заинтересованность, потому что... Ну, чаще всего такой стиль, что художник вкладывает какой-то смысл в это. То ли протест, то ли что-нибудь такое, чтобы что-либо доказать. И, наверное, мне интересно узнать, что автор сюда вкладывал.
 Думаю, нет. Ну, это не мой поток, и как-то в него вбиваться не особо хочется."
Алина;Кандинский;Средний;"Сначала.. Два чупакабрика идут. Дорогу куда-то. Ну, вот тут вот, заборчик. Какой-то такой-то. Эм... Сначала подумала о доме, и теперь как будто конь. Но всё-таки больше на... на дом. Ну, они как будто идут, у них есть цель хотя бы куда идти. Это если будет конь, то они идут без цели. Как-то... не по-товарищески. Всё должно быть с целью. В картине даже какой-то сюжет имеется? Да. Тут прям хорошо прослеживается. достаточно. Ну, за счёт вот этих вот... Чупакабриков. Не знаю, ну, прям тело и ножки вместе дают..
 Немножко сумбурности какой-то, потому что ну, всё навалено, и чтобы что-то в ней рассмотреть, нужно... разные... эм... эм... разные ассоциации подключить. Вот. Ну, и опять же за счёт цветовой гаммой, ну, то, что она более спокойная такая. Ну, какой-то даже слегка веселье. Ну, вот в этой части. В этой части уже чуть... немножко тревожнее становится. Вот.
 Ну, я очень вот эту картину.. понравилась такая. Ну, эм... Как будто бы вот... помню, мне хватает сюда ещё чего-нибудь. Пустое пространство немножечко. Забирает на себя очень много картин... ну, места картины, и такое пустое поле. Место здесь пусто, а здесь очень много. И как-то хочется немножечко рассредоточить. А так картина приятная. Вот так бы я сказала. Приятненькая такая. Вот. На подумать. Всё. Ну, прям что вау, я бы не сказала. Мне вот тот мужичок больше понравился, который прикольный. Вот."
Ксеша;Кандинский;Средний;"Ну это поля, лошадочка там, домики, такой пейзажик абстракционистский. Очень радужное всё, очень приятное, пастельное. Ну, доброе, доброе.
 Ну это как будто какая-нибудь там, я не знаю, Франция, не Франция и там такие вот пейзажи красивые. Где-нибудь там лавандовые поля за углом... Я забыла как это называется. Ну, условно говоря, American Dream только европейская, вот. Ну да. Вот картину по такому хочется рисовать. Когда ты там стоишь, там так красиво, и в душе у тебя так красиво, и очень приятно, и хочется передать это.
 Ну вот, наверное, какое-то такое, типа, приятное спокойствие, типа, радостное спокойствие. Потому что такие нежные цвета, они вот этой радости добавляют. Плюс, в целом, как будто, когда ты смотришь на природу, это больше ассоциируется со спокойствием. Ну, если она не какая-то супер, там, устрашающая или гнетущая. И... Вот такие поля, они, как бы, спокойствие какое-то дают. Вот я представляю, что я там. И... Ну, хочется там побегать. Красиво вообще. Наверное. Еще немножко такой вайб какого-то разноцветного аниме. Тоже что-то доброе. Поэтому, в совокупности, да.. Вот. Ну, да. Такое. Я бы на заставку музыкального альбома какого-нибудь его поставила. И там бы играла в какой-нибудь такой... Не знаю. Приятная, какая-то такая. Какая-то такая, типа, электронная музыка спокойненькая.. Ты просыпаешься утром, видишь вот это. Жизнь имеет смысл. Мне лошадь эта нравится. Я надеюсь, что это лошадь. Ну и какая разница, на самом деле, что это за лошадь. Ну вот, вот так вот. Лошадка. Она прям очень такая... Смешная. Как будто вообще не вписывается туда. Потому что она сильно больше, чем, вероятно, дома, которые стоят поближе. Вот. Ну, прям... Такая немножко... Комичный эффект. Лошадка комичная. Какая-нибудь пинушная. Но лошадь такая. Только туда глаза идут смотреть. Да."
Катюшка;Кандинский;Средний;"Какая-то дорога, дома, горы, деревья. Ну, такой пейзаж в ярких красках. Он очень напоминает этот рисунок, по крайней мере, палитры цветов рисунки из детского сада детей. Вот прямо мне кажется, я даже в моем альбоме из детского сада, когда выпускалась, было нечто похожее. Но я на самом деле очень не люблю такой стиль в живописи. Для меня он слишком абстрактный и неконкретный. Какой-то никакой. Ну, не хотелось бы оскорблять чужие вкусы, но вообще это искусство. Наверное, такое дело, что тут только субъективщина. Вот поэтому... 
 Сюжет... Ну, для меня вот это просто пейзаж. Какое-то запечатление на бумаге вот спокойного состояния окружающего тебя мира. Особого такого... Ну, хотя, если учитывать, что каждая вообще секундочка, минуточка нашей жизни в любом месте, это тоже определенный замысел, то тогда здесь есть сюжет. Вот. Но так в целом для меня это просто запечатлели момент какой-то. Ну, вот такая спокойная деревенька, проселочная дорога, горы, деревья и дома. Вот. Кустики. Облака. Вот такое я вижу.
 Ну, в целом вот эти яркие краски, они добавляют какой-то радости внутренней. Потому что в целом, наверное, когда смотришь на такие приятные глазу цвета, которые не мрачные, у меня в целом поднимается настроение. Ну, конечно, зависит еще от сюжета картины. Но здесь для меня сюжет такой спокойный тоже, без драмы. Поэтому я бы сказала, что какое-то такое... Внутреннее удовлетворение, внутренняя радость присутствует. Но при этом я не могу сказать, что мне нравится картина. Потому что я не вижу в ней какой-то четкости, определенности, ясности. Вот.
 Ну, настроение такое достаточно яркое и радостное, я бы его так назвала. Оно позитивное, оно очень такое разнообразное, хаотичное моментами. То есть оно, мне кажется, вообще направлено на то, чтобы вызвать эмоции у того, у зрителя, у того, кто будет смотреть на эту картину. И вызвать хорошие эмоции, мне так кажется.
 Вот если бы это было выполнено в натуральных тонах, то есть если бы там были голубые облака, зеленые деревья, обычные дома. То есть если бы это было больше похоже на реальность, настоящую жизнь, да. Но вот в этом сюрреалистичном мире нет.
 Вот эти штрихи в левом нижнем углу, которые вот такие небольшие, типа волны. Как будто она была здесь подписана, но потом подпись красками убрали. Вот такое вот впечатление у меня. А вот эти, ну вот здесь я увидела домики, как будто левый, ой, правый, желтый домик на ножках. Вот. Ну, в целом, наверное, все."
Валерия;Кандинский;Средний;"вызывает чувство ностальгии. Из детства, из очень давнего детства. Какие-то схожие пейзажи.
 Холмы. Что-то фантастичное. Холмы. Некая пародия на деревья. Наверное, осеннее небо. Очень смешанные чувства, как будто бы она такая разноцветная, но в то же время краски как-то так не бросаются в глаза. Я бы не сказала, что они яркие. Хотя, ну, объективно это и так. Вот. Ну, следы каких-то признаков жизни есть. 
 Да. Вот треугольнички справа. Небо довольно интересное. Ну, вот объективно кажется, что оно очень красочная написано, разными красными цветами. Это создает впечатление такое немножечко серой. 
 Я думаю, скорее положительное, опять же, немножечко меланхоличное, но не прям грустное, не депрессивное. Такое, да, немножечко ностальгию придает, вызывает какие-то воспоминания добрые, приятные. Поэтому скорее положительное.
 Да, это немного голые ствола деревьев, осенью, и осень, в принципе, ассоциируется с таким меланхоличным настроением. Мне кажется, что здесь как будто бы дует ветер, что-то такое.
 Я думаю, однозначно есть. Я думаю, у каждой картины есть сюжет. Даже если художник осознанно что-то в неё не вкладывал.
 Я думаю, что это что-то из разряда фэнтези, какая-нибудь долина, где кто-то раньше проживал, либо проживает, но сейчас спит.
 Наверное, картина начинает вызывать чуть больше интереса. Я замечаю все больше деталей, какие-то фигуры, что-то похожее на лошадь справа вверху, какие-то облака, возможно, какое-то дерево даже с желтой листвой начинает вырисовываться вдали. Что-то напоминающее нору. Наверное, больше деталей вырисовывается. Возникает... Проясняется картина, какой-то сюжет, что там могло происходить, зачем вообще она была написана.Да, любопытно."